team,p_final_four,p_champion,expected_wins,season,model,when,divergences
AdU,0.15925,0.0065,5.51375,66,"Poisson, one season",halfway,0
ADMU,0.8895,0.14175,8.37525,66,"Poisson, one season",halfway,0
DLSU,0.95575,0.30425,9.47325,66,"Poisson, one season",halfway,0
FEU,0.98875,0.42725,10.008,66,"Poisson, one season",halfway,0
NU,0.0155,0.0005,3.42025,66,"Poisson, one season",halfway,0
UE,0.9085,0.115,8.69775,66,"Poisson, one season",halfway,0
UP,0.03375,0.00225,3.96375,66,"Poisson, one season",halfway,0
UST,0.049,0.0025,4.548,66,"Poisson, one season",halfway,0
AdU,0.1185,0.0035,5.3815,66,"Pace, one season",halfway,1
ADMU,0.92075,0.133,8.47225,66,"Pace, one season",halfway,1
DLSU,0.9765,0.3055,9.724,66,"Pace, one season",halfway,1
FEU,0.992,0.44025,10.13175,66,"Pace, one season",halfway,1
NU,0.01075,0.0005,3.31475,66,"Pace, one season",halfway,1
UE,0.92825,0.11325,8.7345,66,"Pace, one season",halfway,1
UP,0.0245,0.0025,3.84525,66,"Pace, one season",halfway,1
UST,0.02875,0.0015,4.396,66,"Pace, one season",halfway,1
AdU,0.11875,0.00425,5.3825,66,"Pace, joint",halfway,1
ADMU,0.9165,0.14075,8.476,66,"Pace, joint",halfway,1
DLSU,0.9745,0.315,9.70775,66,"Pace, joint",halfway,1
FEU,0.99275,0.43,10.13025,66,"Pace, joint",halfway,1
NU,0.014,0.00025,3.34075,66,"Pace, joint",halfway,1
UE,0.924,0.1055,8.71775,66,"Pace, joint",halfway,1
UP,0.02925,0.00325,3.8555,66,"Pace, joint",halfway,1
UST,0.03025,0.001,4.3895,66,"Pace, joint",halfway,1
AdU,0.041,0.0015,4.68875,71,"Poisson, one season",halfway,0
ADMU,0.98925,0.4835,11.0705,71,"Poisson, one season",halfway,0
DLSU,0.93525,0.2315,9.48425,71,"Poisson, one season",halfway,0
FEU,0.895,0.11825,8.98075,71,"Poisson, one season",halfway,0
NU,0.00575,0.00025,2.804,71,"Poisson, one season",halfway,0
UE,0.84575,0.144,8.45775,71,"Poisson, one season",halfway,0
UP,0.017,0.00025,4.03075,71,"Poisson, one season",halfway,0
UST,0.271,0.02075,6.48325,71,"Poisson, one season",halfway,0
AdU,0.03675,0.00075,4.54,71,"Pace, one season",halfway,0
ADMU,0.99325,0.467,11.08475,71,"Pace, one season",halfway,0
DLSU,0.9495,0.24125,9.66525,71,"Pace, one season",halfway,0
FEU,0.8825,0.107,9.002,71,"Pace, one season",halfway,0
NU,0.0025,0.0,2.6365,71,"Pace, one season",halfway,0
UE,0.83375,0.1585,8.5755,71,"Pace, one season",halfway,0
UP,0.01025,0.0,3.8195,71,"Pace, one season",halfway,0
UST,0.2915,0.0255,6.6765,71,"Pace, one season",halfway,0
AdU,0.0375,0.001,4.55775,71,"Pace, joint",halfway,0
ADMU,0.9945,0.45325,11.05425,71,"Pace, joint",halfway,0
DLSU,0.946,0.23875,9.5945,71,"Pace, joint",halfway,0
FEU,0.89,0.13275,9.03375,71,"Pace, joint",halfway,0
NU,0.0015,0.0,2.69475,71,"Pace, joint",halfway,0
UE,0.81725,0.15,8.45575,71,"Pace, joint",halfway,0
UP,0.01475,0.0,3.9615,71,"Pace, joint",halfway,0
UST,0.2985,0.02425,6.64775,71,"Pace, joint",halfway,0
AdU,0.49075,0.11475,6.92525,71,"Pace, joint",preseason,0
ADMU,0.5195,0.1335,7.15225,71,"Pace, joint",preseason,0
DLSU,0.492,0.12875,6.97125,71,"Pace, joint",preseason,0
FEU,0.52075,0.138,7.1605,71,"Pace, joint",preseason,0
NU,0.4795,0.11375,6.81225,71,"Pace, joint",preseason,0
UE,0.52175,0.129,7.149,71,"Pace, joint",preseason,0
UP,0.494,0.12075,6.94325,71,"Pace, joint",preseason,0
UST,0.48175,0.1215,6.88625,71,"Pace, joint",preseason,0
AdU,0.03325,0.001,4.0125,72,"Poisson, one season",halfway,0
ADMU,0.995,0.4095,11.182,72,"Poisson, one season",halfway,0
DLSU,0.70625,0.03675,7.6265,72,"Poisson, one season",halfway,0
FEU,0.9955,0.4945,11.3315,72,"Poisson, one season",halfway,0
NU,0.01475,0.00025,3.5245,72,"Poisson, one season",halfway,0
UE,0.78825,0.05025,7.9725,72,"Poisson, one season",halfway,0
UP,0.0215,0.00025,3.56875,72,"Poisson, one season",halfway,0
UST,0.4455,0.0075,6.78175,72,"Poisson, one season",halfway,0
AdU,0.0275,0.00075,3.977,72,"Pace, one season",halfway,0
ADMU,0.99475,0.41675,11.2095,72,"Pace, one season",halfway,0
DLSU,0.7395,0.03575,7.75425,72,"Pace, one season",halfway,0
FEU,0.99625,0.49125,11.4285,72,"Pace, one season",halfway,0
NU,0.01425,0.00025,3.49975,72,"Pace, one season",halfway,0
UE,0.7755,0.044,7.91275,72,"Pace, one season",halfway,0
UP,0.0165,0.00075,3.42925,72,"Pace, one season",halfway,0
UST,0.43575,0.0105,6.789,72,"Pace, one season",halfway,0
AdU,0.012,0.0005,3.6495,72,"Pace, joint",halfway,0
ADMU,0.99775,0.5065,11.4495,72,"Pace, joint",halfway,0
DLSU,0.7575,0.0385,8.00525,72,"Pace, joint",halfway,0
FEU,0.99675,0.3905,11.2245,72,"Pace, joint",halfway,0
NU,0.00675,0.0,3.36075,72,"Pace, joint",halfway,0
UE,0.7985,0.05525,8.20075,72,"Pace, joint",halfway,0
UP,0.00425,0.00025,3.12375,72,"Pace, joint",halfway,0
UST,0.4265,0.0085,6.986,72,"Pace, joint",halfway,0
AdU,0.2705,0.03325,5.276,72,"Pace, joint",preseason,0
ADMU,0.773,0.29375,9.25575,72,"Pace, joint",preseason,0
DLSU,0.66025,0.17175,8.215,72,"Pace, joint",preseason,0
FEU,0.5735,0.12825,7.5185,72,"Pace, joint",preseason,0
NU,0.22225,0.02425,4.846,72,"Pace, joint",preseason,0
UE,0.69375,0.2045,8.468,72,"Pace, joint",preseason,0
UP,0.24625,0.03025,5.01525,72,"Pace, joint",preseason,0
UST,0.5605,0.114,7.4055,72,"Pace, joint",preseason,0
AdU,0.98825,0.382,10.22,74,"Poisson, one season",halfway,0
ADMU,1.0,0.54225,12.46225,74,"Poisson, one season",halfway,0
DLSU,0.77525,0.04225,7.8165,74,"Poisson, one season",halfway,0
FEU,0.65475,0.01725,7.27525,74,"Poisson, one season",halfway,0
NU,0.113,0.00275,4.923,74,"Poisson, one season",halfway,0
UE,0.0045,0.0,2.59025,74,"Poisson, one season",halfway,0
UP,0.04975,0.001,4.2605,74,"Poisson, one season",halfway,0
UST,0.4145,0.0125,6.45225,74,"Poisson, one season",halfway,0
AdU,0.98925,0.3815,10.3355,74,"Pace, one season",halfway,0
ADMU,1.0,0.553,12.5935,74,"Pace, one season",halfway,0
DLSU,0.8175,0.03875,7.97525,74,"Pace, one season",halfway,0
FEU,0.62525,0.01275,7.18375,74,"Pace, one season",halfway,0
NU,0.10475,0.00325,4.882,74,"Pace, one season",halfway,0
UE,0.00275,0.0,2.44225,74,"Pace, one season",halfway,0
UP,0.0475,0.00125,4.15075,74,"Pace, one season",halfway,0
UST,0.413,0.0095,6.437,74,"Pace, one season",halfway,0
AdU,0.99225,0.313,10.352,74,"Pace, joint",halfway,0
ADMU,1.0,0.637,12.86575,74,"Pace, joint",halfway,0
DLSU,0.8495,0.03425,8.11975,74,"Pace, joint",halfway,0
FEU,0.675,0.00975,7.2875,74,"Pace, joint",halfway,0
NU,0.07675,0.0,4.654,74,"Pace, joint",halfway,0
UE,0.0035,0.0,2.51325,74,"Pace, joint",halfway,0
UP,0.0275,0.0,3.91475,74,"Pace, joint",halfway,0
UST,0.3755,0.006,6.293,74,"Pace, joint",halfway,0
AdU,0.5035,0.10025,7.0935,74,"Pace, joint",preseason,0
ADMU,0.76975,0.2965,9.18175,74,"Pace, joint",preseason,0
DLSU,0.5235,0.10325,7.118,74,"Pace, joint",preseason,0
FEU,0.66025,0.18975,8.22025,74,"Pace, joint",preseason,0
NU,0.2285,0.03225,4.828,74,"Pace, joint",preseason,0
UE,0.61775,0.1595,7.937,74,"Pace, joint",preseason,0
UP,0.30925,0.04675,5.531,74,"Pace, joint",preseason,0
UST,0.3875,0.07175,6.0905,74,"Pace, joint",preseason,0
AdU,0.00625,0.0005,3.42775,75,"Poisson, one season",halfway,0
ADMU,0.98225,0.40825,10.82175,75,"Poisson, one season",halfway,0
DLSU,0.455,0.0395,7.49075,75,"Poisson, one season",halfway,0
FEU,0.81925,0.1115,8.88275,75,"Poisson, one season",halfway,0
NU,0.75425,0.16125,8.45325,75,"Poisson, one season",halfway,0
UE,0.00175,0.0,2.67975,75,"Poisson, one season",halfway,0
UP,0.00675,0.00075,3.83325,75,"Poisson, one season",halfway,0
UST,0.9745,0.27825,10.41075,75,"Poisson, one season",halfway,0
AdU,0.0035,0.0,3.1645,75,"Pace, one season",halfway,0
ADMU,0.993,0.5765,11.4815,75,"Pace, one season",halfway,0
DLSU,0.442,0.02925,7.64075,75,"Pace, one season",halfway,0
FEU,0.84625,0.10775,9.18375,75,"Pace, one season",halfway,0
NU,0.7425,0.09725,8.47975,75,"Pace, one season",halfway,0
UE,0.001,0.0,1.942,75,"Pace, one season",halfway,0
UP,0.005,0.0005,3.61575,75,"Pace, one season",halfway,0
UST,0.96675,0.18875,10.492,75,"Pace, one season",halfway,0
AdU,0.01225,0.00075,4.0205,75,"Pace, joint",halfway,0
ADMU,0.99425,0.628,11.5035,75,"Pace, joint",halfway,0
DLSU,0.45225,0.025,7.46325,75,"Pace, joint",halfway,0
FEU,0.8565,0.11425,9.11875,75,"Pace, joint",halfway,0
NU,0.72375,0.093,8.3045,75,"Pace, joint",halfway,0
UE,0.0,0.0,1.9655,75,"Pace, joint",halfway,0
UP,0.0035,0.0,3.4865,75,"Pace, joint",halfway,0
UST,0.9575,0.139,10.1375,75,"Pace, joint",halfway,0
AdU,0.77825,0.2625,9.1675,75,"Pace, joint",preseason,0
ADMU,0.84575,0.3695,9.903,75,"Pace, joint",preseason,0
DLSU,0.437,0.064,6.511,75,"Pace, joint",preseason,0
FEU,0.51725,0.092,7.07775,75,"Pace, joint",preseason,0
NU,0.55275,0.10125,7.34875,75,"Pace, joint",preseason,0
UE,0.20825,0.022,4.642,75,"Pace, joint",preseason,0
UP,0.20425,0.0215,4.6775,75,"Pace, joint",preseason,0
UST,0.4565,0.06725,6.6725,75,"Pace, joint",preseason,0
AdU,0.342,0.04575,6.40575,76,"Poisson, one season",halfway,0
ADMU,0.3195,0.04525,6.27575,76,"Poisson, one season",halfway,0
DLSU,0.43275,0.07125,6.7175,76,"Poisson, one season",halfway,0
FEU,0.99675,0.4905,11.58375,76,"Poisson, one season",halfway,0
NU,0.68675,0.141,7.7895,76,"Poisson, one season",halfway,0
UE,0.583,0.089,7.392,76,"Poisson, one season",halfway,0
UP,0.0015,0.0,2.23175,76,"Poisson, one season",halfway,0
UST,0.63775,0.11725,7.604,76,"Poisson, one season",halfway,0
AdU,0.31275,0.01575,6.34525,76,"Pace, one season",halfway,0
ADMU,0.2785,0.014,6.229,76,"Pace, one season",halfway,0
DLSU,0.41925,0.02675,6.7105,76,"Pace, one season",halfway,0
FEU,0.99975,0.7075,12.69975,76,"Pace, one season",halfway,0
NU,0.8235,0.147,8.464,76,"Pace, one season",halfway,0
UE,0.42925,0.0135,6.862,76,"Pace, one season",halfway,0
UP,0.0005,0.0,0.69475,76,"Pace, one season",halfway,0
UST,0.7365,0.0755,7.99475,76,"Pace, one season",halfway,0
AdU,0.32875,0.035,6.39,76,"Pace, joint",halfway,0
ADMU,0.47425,0.08,6.95025,76,"Pace, joint",halfway,0
DLSU,0.40925,0.05575,6.72175,76,"Pace, joint",halfway,0
FEU,0.998,0.51475,11.8215,76,"Pace, joint",halfway,0
NU,0.77825,0.181,8.206,76,"Pace, joint",halfway,0
UE,0.32225,0.013,6.4945,76,"Pace, joint",halfway,0
UP,0.00075,0.0,1.53675,76,"Pace, joint",halfway,0
UST,0.6885,0.1205,7.87925,76,"Pace, joint",halfway,0
AdU,0.44675,0.07925,6.67675,76,"Pace, joint",preseason,0
ADMU,0.7915,0.33625,9.34625,76,"Pace, joint",preseason,0
DLSU,0.5685,0.128,7.563,76,"Pace, joint",preseason,0
FEU,0.60825,0.13775,7.734,76,"Pace, joint",preseason,0
NU,0.592,0.14875,7.708,76,"Pace, joint",preseason,0
UE,0.153,0.011,4.03125,76,"Pace, joint",preseason,0
UP,0.30675,0.04325,5.64925,76,"Pace, joint",preseason,0
UST,0.53325,0.11575,7.2915,76,"Pace, joint",preseason,0
AdU,0.0,0.0,0.7525,77,"Poisson, one season",halfway,0
ADMU,0.95225,0.24125,10.51375,77,"Poisson, one season",halfway,0
DLSU,0.83875,0.17475,9.42425,77,"Poisson, one season",halfway,0
FEU,0.852,0.1705,9.4045,77,"Poisson, one season",halfway,0
NU,0.918,0.3325,9.955,77,"Poisson, one season",halfway,0
UE,0.37525,0.0785,7.59675,77,"Poisson, one season",halfway,0
UP,0.0005,0.0,2.554,77,"Poisson, one season",halfway,0
UST,0.06325,0.0025,5.79925,77,"Poisson, one season",halfway,0
AdU,0.0,0.0,0.6615,77,"Pace, one season",halfway,0
ADMU,0.975,0.29075,10.761,77,"Pace, one season",halfway,0
DLSU,0.82575,0.14475,9.35075,77,"Pace, one season",halfway,0
FEU,0.866,0.17525,9.54,77,"Pace, one season",halfway,0
NU,0.89775,0.3095,9.85075,77,"Pace, one season",halfway,0
UE,0.37575,0.0765,7.6415,77,"Pace, one season",halfway,0
UP,0.0,0.0,2.42675,77,"Pace, one season",halfway,0
UST,0.05975,0.00325,5.76775,77,"Pace, one season",halfway,0
AdU,0.0,0.0,0.949,77,"Pace, joint",halfway,0
ADMU,0.96775,0.25675,10.562,77,"Pace, joint",halfway,0
DLSU,0.86375,0.1775,9.4205,77,"Pace, joint",halfway,0
FEU,0.865,0.16925,9.43125,77,"Pace, joint",halfway,0
NU,0.9145,0.344,9.94825,77,"Pace, joint",halfway,0
UE,0.3025,0.04675,7.3625,77,"Pace, joint",halfway,0
UP,0.0,0.0,2.25775,77,"Pace, joint",halfway,0
UST,0.0865,0.00575,6.06875,77,"Pace, joint",halfway,0
AdU,0.3205,0.048,5.76125,77,"Pace, joint",preseason,0
ADMU,0.61725,0.16125,7.87525,77,"Pace, joint",preseason,0
DLSU,0.6245,0.1605,7.90925,77,"Pace, joint",preseason,0
FEU,0.5925,0.15975,7.7375,77,"Pace, joint",preseason,0
NU,0.717,0.24125,8.63625,77,"Pace, joint",preseason,0
UE,0.382,0.06375,6.20675,77,"Pace, joint",preseason,0
UP,0.15775,0.01475,4.16175,77,"Pace, joint",preseason,0
UST,0.5885,0.15075,7.712,77,"Pace, joint",preseason,0
AdU,0.00675,0.00025,2.89975,78,"Poisson, one season",halfway,0
ADMU,0.69175,0.066,7.70525,78,"Poisson, one season",halfway,0
DLSU,0.59375,0.04,7.33225,78,"Poisson, one season",halfway,0
FEU,0.99425,0.5235,11.09425,78,"Poisson, one season",halfway,0
NU,0.5405,0.065,7.03075,78,"Poisson, one season",halfway,0
UE,0.1235,0.0075,5.0755,78,"Poisson, one season",halfway,0
UP,0.06525,0.002,4.40925,78,"Poisson, one season",halfway,0
UST,0.98425,0.29575,10.453,78,"Poisson, one season",halfway,0
AdU,0.0065,0.0,2.57925,78,"Pace, one season",halfway,0
ADMU,0.7015,0.04175,7.6575,78,"Pace, one season",halfway,0
DLSU,0.61475,0.032,7.34575,78,"Pace, one season",halfway,0
FEU,0.99675,0.571,11.3635,78,"Pace, one season",halfway,0
NU,0.53525,0.04775,7.0325,78,"Pace, one season",halfway,0
UE,0.10625,0.005,5.0075,78,"Pace, one season",halfway,0
UP,0.05125,0.00275,4.294,78,"Pace, one season",halfway,0
UST,0.98775,0.29975,10.72,78,"Pace, one season",halfway,0
AdU,0.00025,0.0,2.19625,78,"Pace, joint",halfway,0
ADMU,0.71375,0.05675,7.90325,78,"Pace, joint",halfway,0
DLSU,0.6045,0.03375,7.51975,78,"Pace, joint",halfway,0
FEU,0.9965,0.608,11.4555,78,"Pace, joint",halfway,0
NU,0.56225,0.0685,7.32275,78,"Pace, joint",halfway,0
UE,0.12175,0.007,5.32425,78,"Pace, joint",halfway,0
UP,0.018,0.0005,3.86925,78,"Pace, joint",halfway,0
UST,0.983,0.2255,10.409,78,"Pace, joint",halfway,0
AdU,0.1135,0.00825,3.733,78,"Pace, joint",preseason,0
ADMU,0.651,0.161,8.25625,78,"Pace, joint",preseason,0
DLSU,0.68625,0.187,8.4585,78,"Pace, joint",preseason,0
FEU,0.60625,0.1375,7.8875,78,"Pace, joint",preseason,0
NU,0.71325,0.23125,8.723,78,"Pace, joint",preseason,0
UE,0.7045,0.21025,8.6465,78,"Pace, joint",preseason,0
UP,0.13075,0.0115,3.9435,78,"Pace, joint",preseason,0
UST,0.3945,0.05325,6.35175,78,"Pace, joint",preseason,0
AdU,0.73025,0.08475,7.972,79,"Poisson, one season",halfway,0
ADMU,0.704,0.057,7.771,79,"Poisson, one season",halfway,0
DLSU,0.99825,0.7035,12.6105,79,"Poisson, one season",halfway,0
FEU,0.87225,0.099,8.77625,79,"Poisson, one season",halfway,0
NU,0.628,0.0535,7.548,79,"Poisson, one season",halfway,0
UE,0.022,0.00125,3.878,79,"Poisson, one season",halfway,0
UP,0.01275,0.0,3.2795,79,"Poisson, one season",halfway,0
UST,0.0325,0.001,4.16475,79,"Poisson, one season",halfway,0
AdU,0.76375,0.05325,8.16925,79,"Pace, one season",halfway,0
ADMU,0.669,0.039,7.853,79,"Pace, one season",halfway,0
DLSU,0.9995,0.80025,13.0125,79,"Pace, one season",halfway,0
FEU,0.891,0.07225,9.03875,79,"Pace, one season",halfway,0
NU,0.64275,0.034,7.71325,79,"Pace, one season",halfway,0
UE,0.014,0.00025,3.6075,79,"Pace, one season",halfway,0
UP,0.00575,0.001,2.86425,79,"Pace, one season",halfway,0
UST,0.01425,0.0,3.7415,79,"Pace, one season",halfway,0
AdU,0.655,0.03325,7.7495,79,"Pace, joint",halfway,0
ADMU,0.707,0.04775,7.97275,79,"Pace, joint",halfway,0
DLSU,0.99975,0.7545,12.89025,79,"Pace, joint",halfway,0
FEU,0.9255,0.12625,9.3585,79,"Pace, joint",halfway,0
NU,0.68725,0.038,7.902,79,"Pace, joint",halfway,0
UE,0.012,0.0,3.681,79,"Pace, joint",halfway,0
UP,0.001,0.0,2.6005,79,"Pace, joint",halfway,0
UST,0.0125,0.00025,3.8455,79,"Pace, joint",halfway,0
AdU,0.1745,0.01925,4.37825,79,"Pace, joint",preseason,0
ADMU,0.62375,0.159,7.9255,79,"Pace, joint",preseason,0
DLSU,0.46225,0.0935,6.824,79,"Pace, joint",preseason,0
FEU,0.73075,0.24875,8.78125,79,"Pace, joint",preseason,0
NU,0.60775,0.15725,7.858,79,"Pace, joint",preseason,0
UE,0.5305,0.1165,7.225,79,"Pace, joint",preseason,0
UP,0.23575,0.0355,4.98225,79,"Pace, joint",preseason,0
UST,0.63475,0.17025,8.02575,79,"Pace, joint",preseason,0
AdU,0.8725,0.10425,8.882,80,"Poisson, one season",halfway,0
ADMU,0.99825,0.60375,12.37175,80,"Poisson, one season",halfway,0
DLSU,0.93125,0.2035,9.50875,80,"Poisson, one season",halfway,0
FEU,0.658,0.058,7.74425,80,"Poisson, one season",halfway,0
NU,0.33025,0.01925,6.54075,80,"Poisson, one season",halfway,0
UE,0.0055,0.0,2.99625,80,"Poisson, one season",halfway,0
UP,0.20375,0.01125,5.95825,80,"Poisson, one season",halfway,0
UST,0.0005,0.0,1.998,80,"Poisson, one season",halfway,0
AdU,0.88825,0.0815,9.04575,80,"Pace, one season",halfway,0
ADMU,0.99925,0.699,12.73325,80,"Pace, one season",halfway,0
DLSU,0.944,0.16375,9.61975,80,"Pace, one season",halfway,0
FEU,0.66975,0.039,7.77775,80,"Pace, one season",halfway,0
NU,0.3065,0.01075,6.555,80,"Pace, one season",halfway,0
UE,0.0025,0.0,2.713,80,"Pace, one season",halfway,0
UP,0.18975,0.006,5.9505,80,"Pace, one season",halfway,0
UST,0.0,0.0,1.605,80,"Pace, one season",halfway,0
AdU,0.91175,0.066,9.11875,80,"Pace, joint",halfway,0
ADMU,1.0,0.70675,12.8595,80,"Pace, joint",halfway,0
DLSU,0.9705,0.189,9.9225,80,"Pace, joint",halfway,0
FEU,0.714,0.03,7.89525,80,"Pace, joint",halfway,0
NU,0.2585,0.00675,6.4325,80,"Pace, joint",halfway,0
UE,0.0015,0.0,2.63075,80,"Pace, joint",halfway,0
UP,0.14375,0.0015,5.7855,80,"Pace, joint",halfway,0
UST,0.0,0.0,1.35525,80,"Pace, joint",halfway,0
AdU,0.59525,0.13725,7.711,80,"Pace, joint",preseason,0
ADMU,0.67275,0.1865,8.33975,80,"Pace, joint",preseason,0
DLSU,0.8165,0.35275,9.792,80,"Pace, joint",preseason,0
FEU,0.588,0.135,7.599,80,"Pace, joint",preseason,0
NU,0.42325,0.0705,6.35675,80,"Pace, joint",preseason,0
UE,0.34725,0.047,5.83175,80,"Pace, joint",preseason,0
UP,0.33275,0.045,5.68975,80,"Pace, joint",preseason,0
UST,0.22425,0.026,4.68,80,"Pace, joint",preseason,0
AdU,0.87875,0.10575,8.77275,81,"Poisson, one season",halfway,0
ADMU,0.98875,0.70525,10.55875,81,"Poisson, one season",halfway,0
DLSU,0.71475,0.07075,7.84025,81,"Poisson, one season",halfway,0
FEU,0.84975,0.087,8.62275,81,"Poisson, one season",halfway,0
NU,0.15875,0.00925,5.60575,81,"Poisson, one season",halfway,0
UE,0.004,0.00025,2.844,81,"Poisson, one season",halfway,0
UP,0.247,0.01675,6.10375,81,"Poisson, one season",halfway,0
UST,0.15825,0.005,5.652,81,"Poisson, one season",halfway,0
AdU,0.8605,0.15125,8.764,81,"Pace, one season",halfway,0
ADMU,0.9665,0.56125,9.98775,81,"Pace, one season",halfway,0
DLSU,0.68925,0.10175,7.74725,81,"Pace, one season",halfway,0
FEU,0.846,0.12425,8.62,81,"Pace, one season",halfway,0
NU,0.1405,0.017,5.549,81,"Pace, one season",halfway,0
UE,0.00725,0.00025,3.15525,81,"Pace, one season",halfway,0
UP,0.2925,0.03075,6.29975,81,"Pace, one season",halfway,0
UST,0.1975,0.0135,5.877,81,"Pace, one season",halfway,0
AdU,0.92825,0.10475,9.2515,81,"Pace, joint",halfway,0
ADMU,0.99675,0.75975,10.98525,81,"Pace, joint",halfway,0
DLSU,0.81675,0.07025,8.28275,81,"Pace, joint",halfway,0
FEU,0.87275,0.05625,8.762,81,"Pace, joint",halfway,0
NU,0.08125,0.0015,5.1475,81,"Pace, joint",halfway,0
UE,0.0005,0.0,2.22825,81,"Pace, joint",halfway,0
UP,0.24125,0.00675,6.25875,81,"Pace, joint",halfway,0
UST,0.0625,0.00075,5.084,81,"Pace, joint",halfway,0
AdU,0.6,0.11875,7.67225,81,"Pace, joint",preseason,0
ADMU,0.808,0.3165,9.57375,81,"Pace, joint",preseason,0
DLSU,0.7655,0.27525,9.181,81,"Pace, joint",preseason,0
FEU,0.61725,0.1345,7.835,81,"Pace, joint",preseason,0
NU,0.3485,0.04875,5.85575,81,"Pace, joint",preseason,0
UE,0.27375,0.03075,5.2215,81,"Pace, joint",preseason,0
UP,0.38375,0.0555,6.1585,81,"Pace, joint",preseason,0
UST,0.20325,0.02,4.50225,81,"Pace, joint",preseason,0
AdU,0.339,0.013,6.0215,82,"Poisson, one season",halfway,0
ADMU,1.0,0.82,12.95225,82,"Poisson, one season",halfway,0
DLSU,0.45375,0.02375,6.4005,82,"Poisson, one season",halfway,0
FEU,0.48375,0.03925,6.556,82,"Poisson, one season",halfway,0
NU,0.0495,0.002,4.0175,82,"Poisson, one season",halfway,0
UE,0.0635,0.0015,4.158,82,"Poisson, one season",halfway,0
UP,0.8125,0.029,7.9865,82,"Poisson, one season",halfway,0
UST,0.798,0.0715,7.90775,82,"Poisson, one season",halfway,0
AdU,0.35525,0.016,6.084,82,"Pace, one season",halfway,0
ADMU,0.9995,0.786,12.7945,82,"Pace, one season",halfway,0
DLSU,0.45625,0.03175,6.47475,82,"Pace, one season",halfway,0
FEU,0.507,0.046,6.6665,82,"Pace, one season",halfway,0
NU,0.04225,0.001,3.96725,82,"Pace, one season",halfway,0
UE,0.0535,0.00175,4.166,82,"Pace, one season",halfway,0
UP,0.797,0.04075,7.9505,82,"Pace, one season",halfway,0
UST,0.78925,0.07675,7.8965,82,"Pace, one season",halfway,0
AdU,0.39125,0.008,6.272,82,"Pace, joint",halfway,0
ADMU,1.0,0.90975,13.28925,82,"Pace, joint",halfway,0
DLSU,0.53125,0.02175,6.71,82,"Pace, joint",halfway,0
FEU,0.43375,0.01075,6.39375,82,"Pace, joint",halfway,0
NU,0.03425,0.00075,3.77725,82,"Pace, joint",halfway,0
UE,0.0305,0.0005,3.8205,82,"Pace, joint",halfway,0
UP,0.81375,0.01875,7.98625,82,"Pace, joint",halfway,0
UST,0.76525,0.02975,7.751,82,"Pace, joint",halfway,0
AdU,0.60125,0.11275,7.734,82,"Pace, joint",preseason,0
ADMU,0.9085,0.4905,10.673,82,"Pace, joint",preseason,0
DLSU,0.6475,0.14025,8.081,82,"Pace, joint",preseason,0
FEU,0.52125,0.0905,7.1595,82,"Pace, joint",preseason,0
NU,0.4105,0.0565,6.31475,82,"Pace, joint",preseason,0
UE,0.14925,0.0085,4.0135,82,"Pace, joint",preseason,0
UP,0.54675,0.08625,7.34125,82,"Pace, joint",preseason,0
UST,0.215,0.01475,4.683,82,"Pace, joint",preseason,0
AdU,0.016,0.00025,3.8475,84,"Poisson, one season",halfway,0
ADMU,0.999,0.67925,12.6695,84,"Poisson, one season",halfway,0
DLSU,0.86875,0.05975,8.71925,84,"Poisson, one season",halfway,0
FEU,0.34525,0.0205,6.6575,84,"Poisson, one season",halfway,0
NU,0.7665,0.06425,8.11675,84,"Poisson, one season",halfway,0
UE,0.00025,0.0,1.528,84,"Poisson, one season",halfway,0
UP,0.98325,0.17575,10.419,84,"Poisson, one season",halfway,0
UST,0.021,0.00025,4.0425,84,"Poisson, one season",halfway,0
AdU,0.01025,0.001,3.733,84,"Pace, one season",halfway,0
ADMU,0.99975,0.764,13.0235,84,"Pace, one season",halfway,0
DLSU,0.86125,0.0395,8.75025,84,"Pace, one season",halfway,0
FEU,0.34075,0.00925,6.75075,84,"Pace, one season",halfway,0
NU,0.792,0.05125,8.23675,84,"Pace, one season",halfway,0
UE,0.0,0.0,1.13075,84,"Pace, one season",halfway,0
UP,0.986,0.135,10.61725,84,"Pace, one season",halfway,0
UST,0.01,0.0,3.75775,84,"Pace, one season",halfway,0
AdU,0.00975,0.00025,3.73225,84,"Pace, joint",halfway,0
ADMU,0.99975,0.81025,13.04375,84,"Pace, joint",halfway,0
DLSU,0.8945,0.0385,8.91575,84,"Pace, joint",halfway,0
FEU,0.3475,0.0105,6.776,84,"Pace, joint",halfway,0
NU,0.75175,0.032,8.03825,84,"Pace, joint",halfway,0
UE,0.0,0.0,1.12325,84,"Pace, joint",halfway,0
UP,0.9805,0.10825,10.41225,84,"Pace, joint",halfway,0
UST,0.01625,0.00025,3.9585,84,"Pace, joint",halfway,0
AdU,0.45675,0.0795,6.58075,84,"Pace, joint",preseason,0
ADMU,0.83025,0.40175,9.95275,84,"Pace, joint",preseason,0
DLSU,0.54175,0.1165,7.33025,84,"Pace, joint",preseason,0
FEU,0.59725,0.1405,7.717,84,"Pace, joint",preseason,0
NU,0.35525,0.05475,5.74775,84,"Pace, joint",preseason,0
UE,0.27375,0.03375,5.1425,84,"Pace, joint",preseason,0
UP,0.435,0.07325,6.50375,84,"Pace, joint",preseason,0
UST,0.51,0.1,7.02525,84,"Pace, joint",preseason,0
AdU,0.24325,0.01525,6.119,85,"Poisson, one season",halfway,0
ADMU,0.97175,0.41775,9.99575,85,"Poisson, one season",halfway,0
DLSU,0.63225,0.142,7.5275,85,"Poisson, one season",halfway,0
FEU,0.0475,0.00275,4.5135,85,"Poisson, one season",halfway,0
NU,0.763,0.04925,8.17175,85,"Poisson, one season",halfway,0
UE,0.351,0.0305,6.55725,85,"Poisson, one season",halfway,0
UP,0.98775,0.3425,10.635,85,"Poisson, one season",halfway,0
UST,0.0035,0.0,2.48025,85,"Poisson, one season",halfway,0
AdU,0.22775,0.00875,6.0445,85,"Pace, one season",halfway,0
ADMU,0.9735,0.48275,10.229,85,"Pace, one season",halfway,0
DLSU,0.64725,0.10275,7.499,85,"Pace, one season",halfway,0
FEU,0.047,0.00225,4.462,85,"Pace, one season",halfway,0
NU,0.79125,0.051,8.26325,85,"Pace, one season",halfway,0
UE,0.32125,0.02175,6.399,85,"Pace, one season",halfway,0
UP,0.99,0.33075,10.7375,85,"Pace, one season",halfway,0
UST,0.002,0.0,2.36575,85,"Pace, one season",halfway,0
AdU,0.25675,0.00725,6.107,85,"Pace, joint",halfway,0
ADMU,0.99775,0.64075,10.72775,85,"Pace, joint",halfway,0
DLSU,0.62525,0.04975,7.25575,85,"Pace, joint",halfway,0
FEU,0.0815,0.00225,4.877,85,"Pace, joint",halfway,0
NU,0.889,0.05775,8.714,85,"Pace, joint",halfway,0
UE,0.15525,0.001,5.606,85,"Pace, joint",halfway,0
UP,0.99375,0.24125,10.7155,85,"Pace, joint",halfway,0
UST,0.00075,0.0,1.997,85,"Pace, joint",halfway,0
AdU,0.4175,0.054,6.50225,85,"Pace, joint",preseason,0
ADMU,0.91125,0.45925,10.75925,85,"Pace, joint",preseason,0
DLSU,0.62475,0.1175,7.95925,85,"Pace, joint",preseason,0
FEU,0.678,0.1435,8.4075,85,"Pace, joint",preseason,0
NU,0.53325,0.08675,7.32625,85,"Pace, joint",preseason,0
UE,0.10825,0.00875,3.663,85,"Pace, joint",preseason,0
UP,0.6435,0.1255,8.16775,85,"Pace, joint",preseason,0
UST,0.0835,0.00475,3.21475,85,"Pace, joint",preseason,0
AdU,0.209,0.0085,5.90375,86,"Poisson, one season",halfway,0
ADMU,0.802,0.0845,8.022,86,"Poisson, one season",halfway,0
DLSU,0.87225,0.142,8.469,86,"Poisson, one season",halfway,0
FEU,0.0725,0.0025,4.813,86,"Poisson, one season",halfway,0
NU,0.98775,0.27575,10.472,86,"Poisson, one season",halfway,0
UE,0.06075,0.00175,4.58925,86,"Poisson, one season",halfway,0
UP,0.9945,0.485,11.17375,86,"Poisson, one season",halfway,0
UST,0.00125,0.0,2.55725,86,"Poisson, one season",halfway,0
AdU,0.178,0.00675,5.83625,86,"Pace, one season",halfway,0
ADMU,0.84475,0.08025,8.2575,86,"Pace, one season",halfway,0
DLSU,0.8925,0.128,8.57225,86,"Pace, one season",halfway,0
FEU,0.0565,0.00175,4.74175,86,"Pace, one season",halfway,0
NU,0.991,0.265,10.688,86,"Pace, one season",halfway,0
UE,0.0395,0.0015,4.40525,86,"Pace, one season",halfway,0
UP,0.997,0.51675,11.401,86,"Pace, one season",halfway,0
UST,0.00075,0.0,2.098,86,"Pace, one season",halfway,0
AdU,0.17375,0.0025,5.88125,86,"Pace, joint",halfway,0
ADMU,0.87225,0.10575,8.457,86,"Pace, joint",halfway,0
DLSU,0.873,0.10425,8.4395,86,"Pace, joint",halfway,0
FEU,0.05225,0.001,4.8065,86,"Pace, joint",halfway,0
NU,0.98925,0.24775,10.58875,86,"Pace, joint",halfway,0
UE,0.0405,0.0005,4.493,86,"Pace, joint",halfway,0
UP,0.99875,0.53825,11.379,86,"Pace, joint",halfway,0
UST,0.00025,0.0,1.955,86,"Pace, joint",halfway,0
AdU,0.439,0.07325,6.6255,86,"Pace, joint",preseason,0
ADMU,0.8095,0.327,9.588,86,"Pace, joint",preseason,0
DLSU,0.52225,0.10025,7.2095,86,"Pace, joint",preseason,0
FEU,0.43725,0.0745,6.56,86,"Pace, joint",preseason,0
NU,0.57025,0.1315,7.557,86,"Pace, joint",preseason,0
UE,0.3675,0.05175,6.01625,86,"Pace, joint",preseason,0
UP,0.7395,0.23375,8.86725,86,"Pace, joint",preseason,0
UST,0.11475,0.008,3.5765,86,"Pace, joint",preseason,0
AdU,0.16025,0.00325,5.40175,87,"Poisson, one season",halfway,0
ADMU,0.02625,0.0,3.75475,87,"Poisson, one season",halfway,0
DLSU,0.99825,0.478,11.294,87,"Poisson, one season",halfway,0
FEU,0.01525,0.0005,3.30625,87,"Poisson, one season",halfway,0
NU,0.11425,0.003,5.04475,87,"Poisson, one season",halfway,0
UE,0.87175,0.03225,8.21025,87,"Poisson, one season",halfway,0
UP,0.9985,0.4345,11.1105,87,"Poisson, one season",halfway,0
UST,0.8155,0.0485,7.87775,87,"Poisson, one season",halfway,0
AdU,0.1685,0.00125,5.41825,87,"Pace, one season",halfway,0
ADMU,0.02025,0.00025,3.48175,87,"Pace, one season",halfway,0
DLSU,0.9985,0.51175,11.53125,87,"Pace, one season",halfway,0
FEU,0.015,0.00025,3.3135,87,"Pace, one season",halfway,0
NU,0.109,0.00275,4.93575,87,"Pace, one season",halfway,0
UE,0.8825,0.0205,8.2295,87,"Pace, one season",halfway,0
UP,0.9985,0.43625,11.35925,87,"Pace, one season",halfway,0
UST,0.80775,0.027,7.73075,87,"Pace, one season",halfway,0
AdU,0.30225,0.0025,5.8055,87,"Pace, joint",halfway,0
ADMU,0.0285,0.00025,3.59,87,"Pace, joint",halfway,0
DLSU,0.99975,0.4745,11.57375,87,"Pace, joint",halfway,0
FEU,0.01675,0.0,3.3305,87,"Pace, joint",halfway,0
NU,0.158,0.00175,5.01175,87,"Pace, joint",halfway,0
UE,0.89675,0.01775,8.3245,87,"Pace, joint",halfway,0
UP,1.0,0.49875,11.59025,87,"Pace, joint",halfway,0
UST,0.598,0.0045,6.77375,87,"Pace, joint",halfway,0
AdU,0.42475,0.06275,6.51775,87,"Pace, joint",preseason,0
ADMU,0.6185,0.14625,7.92525,87,"Pace, joint",preseason,0
DLSU,0.729,0.23125,8.8385,87,"Pace, joint",preseason,0
FEU,0.338,0.04725,5.85075,87,"Pace, joint",preseason,0
NU,0.60225,0.11925,7.76725,87,"Pace, joint",preseason,0
UE,0.354,0.04425,5.94725,87,"Pace, joint",preseason,0
UP,0.83075,0.34075,9.72575,87,"Pace, joint",preseason,0
UST,0.10275,0.00825,3.4275,87,"Pace, joint",preseason,0
AdU,0.3255,0.04825,6.5525,88,"Poisson, one season",halfway,0
ADMU,0.573,0.07125,7.5175,88,"Poisson, one season",halfway,0
DLSU,0.45625,0.049,7.1495,88,"Poisson, one season",halfway,0
FEU,0.0985,0.01225,5.17175,88,"Poisson, one season",halfway,0
NU,0.97925,0.40525,10.66575,88,"Poisson, one season",halfway,0
UE,0.0,0.0,1.5755,88,"Poisson, one season",halfway,0
UP,0.65925,0.121,7.90575,88,"Poisson, one season",halfway,0
UST,0.90825,0.293,9.46175,88,"Poisson, one season",halfway,0
AdU,0.35225,0.04275,6.637,88,"Pace, one season",halfway,0
ADMU,0.559,0.066,7.504,88,"Pace, one season",halfway,0
DLSU,0.3955,0.02125,6.90725,88,"Pace, one season",halfway,0
FEU,0.086,0.0065,5.102,88,"Pace, one season",halfway,0
NU,0.98175,0.4555,10.796,88,"Pace, one season",halfway,0
UE,0.00025,0.0,1.39675,88,"Pace, one season",halfway,0
UP,0.69025,0.105,7.98375,88,"Pace, one season",halfway,0
UST,0.935,0.303,9.67325,88,"Pace, one season",halfway,0
AdU,0.2225,0.022,6.17125,88,"Pace, joint",halfway,0
ADMU,0.48225,0.04,7.26425,88,"Pace, joint",halfway,0
DLSU,0.565,0.06525,7.528,88,"Pace, joint",halfway,0
FEU,0.08,0.00625,5.043,88,"Pace, joint",halfway,0
NU,0.974,0.37425,10.54,88,"Pace, joint",halfway,0
UE,0.00025,0.0,1.58575,88,"Pace, joint",halfway,0
UP,0.7485,0.16425,8.2725,88,"Pace, joint",halfway,0
UST,0.9275,0.328,9.59525,88,"Pace, joint",halfway,0
AdU,0.375,0.05825,5.953,88,"Pace, joint",preseason,0
ADMU,0.289,0.03525,5.344,88,"Pace, joint",preseason,0
DLSU,0.815,0.335,9.57825,88,"Pace, joint",preseason,0
FEU,0.3985,0.063,6.23075,88,"Pace, joint",preseason,0
NU,0.46925,0.08775,6.73075,88,"Pace, joint",preseason,0
UE,0.41825,0.06125,6.29675,88,"Pace, joint",preseason,0
UP,0.788,0.29075,9.3325,88,"Pace, joint",preseason,0
UST,0.447,0.06875,6.534,88,"Pace, joint",preseason,0
