season,year,team,wins,place,champion
66,2003,AdU,5,5,False
66,2003,ADMU,10,2,False
66,2003,DLSU,7,4,False
66,2003,FEU,10,2,True
66,2003,NU,3,7,False
66,2003,UE,11,1,False
66,2003,UP,3,7,False
66,2003,UST,5,5,False
71,2008,AdU,3,6,False
71,2008,ADMU,13,1,True
71,2008,DLSU,10,2,False
71,2008,FEU,10,2,False
71,2008,NU,2,8,False
71,2008,UE,9,4,False
71,2008,UP,3,6,False
71,2008,UST,6,5,False
72,2009,AdU,5,5,False
72,2009,ADMU,13,1,True
72,2009,DLSU,5,5,False
72,2009,FEU,11,2,False
72,2009,NU,3,7,False
72,2009,UE,10,3,False
72,2009,UP,3,7,False
72,2009,UST,6,4,False
74,2011,AdU,10,2,False
74,2011,ADMU,13,1,True
74,2011,DLSU,5,6,False
74,2011,FEU,9,3,False
74,2011,NU,6,5,False
74,2011,UE,3,7,False
74,2011,UP,2,8,False
74,2011,UST,8,4,False
75,2012,AdU,3,6,False
75,2012,ADMU,12,1,True
75,2012,DLSU,9,4,False
75,2012,FEU,9,5,False
75,2012,NU,9,3,False
75,2012,UE,3,7,False
75,2012,UP,1,8,False
75,2012,UST,10,2,False
76,2013,AdU,4,7,False
76,2013,ADMU,7,5,False
76,2013,DLSU,10,2,True
76,2013,FEU,10,3,False
76,2013,NU,10,1,False
76,2013,UE,7,6,False
76,2013,UP,0,8,False
76,2013,UST,8,4,False
77,2014,AdU,1,8,False
77,2014,ADMU,11,1,False
77,2014,DLSU,10,3,False
77,2014,FEU,10,2,False
77,2014,NU,9,4,True
77,2014,UE,9,5,False
77,2014,UP,1,7,False
77,2014,UST,5,6,False
78,2015,AdU,3,8,False
78,2015,ADMU,9,3,False
78,2015,DLSU,6,5,False
78,2015,FEU,11,2,True
78,2015,NU,7,4,False
78,2015,UE,6,6,False
78,2015,UP,3,7,False
78,2015,UST,11,1,False
79,2016,AdU,8,4,False
79,2016,ADMU,10,2,False
79,2016,DLSU,13,1,True
79,2016,FEU,9,3,False
79,2016,NU,5,5,False
79,2016,UE,3,7,False
79,2016,UP,5,6,False
79,2016,UST,3,8,False
80,2017,AdU,9,3,False
80,2017,ADMU,13,1,True
80,2017,DLSU,12,2,False
80,2017,FEU,7,4,False
80,2017,NU,5,6,False
80,2017,UE,3,7,False
80,2017,UP,6,5,False
80,2017,UST,1,8,False
81,2018,AdU,10,2,False
81,2018,ADMU,12,1,True
81,2018,DLSU,8,5,False
81,2018,FEU,8,4,False
81,2018,NU,4,7,False
81,2018,UE,1,8,False
81,2018,UP,8,3,False
81,2018,UST,5,6,False
82,2019,AdU,4,6,False
82,2019,ADMU,14,1,True
82,2019,DLSU,7,5,False
82,2019,FEU,8,3,False
82,2019,NU,2,8,False
82,2019,UE,4,7,False
82,2019,UP,9,2,False
82,2019,UST,8,4,False
84,2022,AdU,6,5,False
84,2022,ADMU,13,1,False
84,2022,DLSU,9,3,False
84,2022,FEU,7,4,False
84,2022,NU,6,6,False
84,2022,UE,0,8,False
84,2022,UP,12,2,True
84,2022,UST,3,7,False
85,2022,AdU,7,4,False
85,2022,ADMU,11,1,True
85,2022,DLSU,7,5,False
85,2022,FEU,5,7,False
85,2022,NU,9,3,False
85,2022,UE,5,6,False
85,2022,UP,11,2,False
85,2022,UST,1,8,False
86,2023,AdU,7,5,False
86,2023,ADMU,7,4,False
86,2023,DLSU,11,2,True
86,2023,FEU,3,7,False
86,2023,NU,10,3,False
86,2023,UE,4,6,False
86,2023,UP,12,1,False
86,2023,UST,2,8,False
87,2024,AdU,6,4,False
87,2024,ADMU,4,8,False
87,2024,DLSU,12,1,False
87,2024,FEU,5,6,False
87,2024,NU,5,7,False
87,2024,UE,6,5,False
87,2024,UP,11,2,True
87,2024,UST,7,3,False
88,2025,AdU,6,7,False
88,2025,ADMU,6,6,False
88,2025,DLSU,8,4,True
88,2025,FEU,7,5,False
88,2025,NU,11,1,False
88,2025,UE,0,8,False
88,2025,UP,10,2,False
88,2025,UST,8,3,False
