season,year,home,away,home_score,away_score,round
66,2003,AdU,ADMU,62,70,1
66,2003,ADMU,AdU,69,55,2
66,2003,AdU,DLSU,61,81,1
66,2003,DLSU,AdU,82,74,2
66,2003,AdU,FEU,53,57,1
66,2003,AdU,NU,74,70,1
66,2003,NU,AdU,67,85,2
66,2003,AdU,UE,61,74,1
66,2003,UE,AdU,82,76,2
66,2003,AdU,UP,83,80,1
66,2003,UP,AdU,66,68,2
66,2003,AdU,UST,60,57,1
66,2003,UST,AdU,64,61,2
66,2003,ADMU,DLSU,82,68,1
66,2003,DLSU,ADMU,89,98,2
66,2003,ADMU,FEU,62,73,1
66,2003,FEU,ADMU,63,87,2
66,2003,ADMU,NU,63,57,1
66,2003,NU,ADMU,76,62,2
66,2003,ADMU,UE,68,69,1
66,2003,UE,ADMU,67,76,2
66,2003,ADMU,UP,70,68,1
66,2003,UP,ADMU,53,56,2
66,2003,ADMU,UST,69,65,1
66,2003,DLSU,FEU,72,74,1
66,2003,FEU,DLSU,76,74,2
66,2003,DLSU,NU,92,85,1
66,2003,NU,DLSU,80,59,2
66,2003,DLSU,UE,84,65,1
66,2003,UE,DLSU,64,62,2
66,2003,DLSU,UP,67,58,1
66,2003,UP,DLSU,80,70,2
66,2003,DLSU,UST,88,75,1
66,2003,UST,DLSU,66,71,2
66,2003,FEU,NU,71,49,1
66,2003,NU,FEU,56,69,2
66,2003,FEU,UE,64,62,1
66,2003,UE,FEU,77,72,2
66,2003,FEU,UP,65,50,1
66,2003,UP,FEU,61,67,2
66,2003,FEU,UST,45,51,1
66,2003,UST,FEU,58,71,2
66,2003,NU,UE,75,79,1
66,2003,UE,NU,80,69,2
66,2003,NU,UP,74,70,1
66,2003,UP,NU,75,67,2
66,2003,NU,UST,77,84,1
66,2003,UST,NU,83,78,2
66,2003,UE,UP,75,65,1
66,2003,UP,UE,61,68,2
66,2003,UE,UST,73,69,1
66,2003,UST,UE,69,76,2
66,2003,UP,UST,73,55,1
66,2003,UST,UP,92,89,2
71,2008,AdU,ADMU,45,72,1
71,2008,ADMU,AdU,78,59,2
71,2008,AdU,DLSU,61,76,1
71,2008,DLSU,AdU,84,79,2
71,2008,AdU,FEU,71,74,1
71,2008,FEU,AdU,70,62,2
71,2008,AdU,NU,73,65,1
71,2008,NU,AdU,57,68,2
71,2008,AdU,UE,66,64,1
71,2008,UE,AdU,58,45,2
71,2008,AdU,UP,68,76,1
71,2008,UP,AdU,73,42,2
71,2008,AdU,UST,80,88,1
71,2008,UST,AdU,97,83,2
71,2008,ADMU,DLSU,79,73,1
71,2008,DLSU,ADMU,57,65,2
71,2008,ADMU,FEU,66,72,1
71,2008,FEU,ADMU,74,78,2
71,2008,ADMU,NU,74,62,1
71,2008,NU,ADMU,58,83,2
71,2008,ADMU,UE,64,58,1
71,2008,UE,ADMU,57,61,2
71,2008,ADMU,UP,83,66,1
71,2008,UP,ADMU,58,79,2
71,2008,ADMU,UST,64,57,1
71,2008,UST,ADMU,76,85,2
71,2008,DLSU,FEU,73,62,1
71,2008,FEU,DLSU,83,75,2
71,2008,DLSU,NU,93,69,1
71,2008,NU,DLSU,67,79,2
71,2008,DLSU,UE,62,68,1
71,2008,UE,DLSU,61,70,2
71,2008,DLSU,UP,82,60,1
71,2008,UP,DLSU,61,81,2
71,2008,DLSU,UST,85,84,1
71,2008,UST,DLSU,79,81,2
71,2008,FEU,NU,61,69,1
71,2008,NU,FEU,60,64,2
71,2008,FEU,UE,71,69,1
71,2008,UE,FEU,73,61,2
71,2008,FEU,UP,88,66,1
71,2008,UP,FEU,70,71,2
71,2008,FEU,UST,70,65,1
71,2008,UST,FEU,69,74,2
71,2008,NU,UE,69,82,1
71,2008,UE,NU,67,50,2
71,2008,NU,UP,58,87,1
71,2008,UP,NU,59,72,2
71,2008,NU,UST,77,88,1
71,2008,UST,NU,68,58,2
71,2008,UE,UP,87,58,1
71,2008,UP,UE,65,95,2
71,2008,UE,UST,78,73,1
71,2008,UST,UE,87,89,2
71,2008,UP,UST,75,94,1
71,2008,UST,UP,71,63,2
72,2009,AdU,ADMU,51,61,1
72,2009,ADMU,AdU,61,52,2
72,2009,AdU,DLSU,63,64,1
72,2009,DLSU,AdU,55,61,2
72,2009,AdU,FEU,60,63,1
72,2009,FEU,AdU,84,75,2
72,2009,AdU,NU,70,76,1
72,2009,NU,AdU,50,79,2
72,2009,AdU,UE,91,95,1
72,2009,UE,AdU,60,56,2
72,2009,AdU,UP,72,68,1
72,2009,UP,AdU,61,74,2
72,2009,AdU,UST,75,76,1
72,2009,UST,AdU,64,83,2
72,2009,ADMU,DLSU,76,72,1
72,2009,DLSU,ADMU,65,81,2
72,2009,ADMU,FEU,63,59,1
72,2009,FEU,ADMU,73,74,2
72,2009,ADMU,NU,75,47,1
72,2009,NU,ADMU,54,75,2
72,2009,ADMU,UE,72,57,1
72,2009,UE,ADMU,75,80,2
72,2009,ADMU,UP,58,68,1
72,2009,UP,ADMU,75,93,2
72,2009,ADMU,UST,93,77,1
72,2009,UST,ADMU,70,80,2
72,2009,DLSU,FEU,51,65,1
72,2009,FEU,DLSU,71,69,2
72,2009,DLSU,NU,68,48,1
72,2009,NU,DLSU,63,61,2
72,2009,DLSU,UE,46,65,1
72,2009,UE,DLSU,66,64,2
72,2009,DLSU,UP,73,63,1
72,2009,UP,DLSU,83,78,2
72,2009,DLSU,UST,101,92,1
72,2009,UST,DLSU,64,68,2
72,2009,FEU,NU,82,57,1
72,2009,NU,FEU,66,76,2
72,2009,FEU,UE,76,72,1
72,2009,UE,FEU,87,72,2
72,2009,FEU,UP,75,67,1
72,2009,UP,FEU,74,86,2
72,2009,FEU,UST,90,63,1
72,2009,UST,FEU,67,75,2
72,2009,NU,UE,59,73,1
72,2009,UE,NU,70,58,2
72,2009,NU,UP,74,64,1
72,2009,UP,NU,78,76,2
72,2009,NU,UST,89,104,1
72,2009,UST,NU,79,58,2
72,2009,UE,UP,77,69,1
72,2009,UP,UE,72,81,2
72,2009,UE,UST,88,92,1
72,2009,UST,UE,67,77,2
72,2009,UP,UST,85,95,1
72,2009,UST,UP,93,88,2
74,2011,AdU,ADMU,51,55,1
74,2011,ADMU,AdU,46,62,2
74,2011,AdU,DLSU,66,58,1
74,2011,DLSU,AdU,66,68,2
74,2011,AdU,FEU,78,59,1
74,2011,FEU,AdU,62,61,2
74,2011,AdU,NU,56,63,1
74,2011,NU,AdU,53,68,2
74,2011,AdU,UE,85,54,1
74,2011,UE,AdU,57,76,2
74,2011,AdU,UP,72,46,1
74,2011,UP,AdU,51,64,2
74,2011,AdU,UST,81,71,1
74,2011,UST,AdU,74,58,2
74,2011,ADMU,DLSU,81,72,1
74,2011,DLSU,ADMU,62,79,2
74,2011,ADMU,FEU,69,49,1
74,2011,FEU,ADMU,67,74,2
74,2011,ADMU,NU,86,62,1
74,2011,NU,ADMU,39,61,2
74,2011,ADMU,UE,73,61,1
74,2011,UE,ADMU,70,74,2
74,2011,ADMU,UP,77,57,1
74,2011,UP,ADMU,58,73,2
74,2011,ADMU,UST,66,53,1
74,2011,UST,ADMU,57,82,2
74,2011,DLSU,FEU,65,74,1
74,2011,FEU,DLSU,66,57,2
74,2011,DLSU,NU,74,63,1
74,2011,NU,DLSU,56,40,2
74,2011,DLSU,UE,87,63,1
74,2011,UE,DLSU,74,69,2
74,2011,DLSU,UP,79,67,1
74,2011,UP,DLSU,72,73,2
74,2011,DLSU,UST,74,71,1
74,2011,UST,DLSU,60,52,2
74,2011,FEU,NU,62,59,1
74,2011,NU,FEU,82,84,2
74,2011,FEU,UE,66,47,1
74,2011,UE,FEU,68,79,2
74,2011,FEU,UP,63,76,1
74,2011,UP,FEU,53,59,2
74,2011,FEU,UST,62,59,1
74,2011,UST,FEU,77,73,2
74,2011,NU,UE,71,72,1
74,2011,UE,NU,51,91,2
74,2011,NU,UP,75,66,1
74,2011,UP,NU,43,65,2
74,2011,NU,UST,72,73,1
74,2011,UST,NU,49,73,2
74,2011,UE,UP,61,69,1
74,2011,UP,UE,54,68,2
74,2011,UE,UST,63,70,1
74,2011,UST,UE,54,45,2
74,2011,UP,UST,49,68,1
74,2011,UST,UP,77,70,2
75,2012,AdU,ADMU,57,73,1
75,2012,ADMU,AdU,79,72,2
75,2012,AdU,DLSU,52,56,1
75,2012,DLSU,AdU,72,59,2
75,2012,AdU,FEU,62,65,1
75,2012,FEU,AdU,76,68,2
75,2012,AdU,NU,62,77,1
75,2012,NU,AdU,81,77,2
75,2012,AdU,UE,66,71,1
75,2012,UE,AdU,69,89,2
75,2012,AdU,UP,69,67,1
75,2012,UP,AdU,70,75,2
75,2012,AdU,UST,60,61,1
75,2012,UST,AdU,83,79,2
75,2012,ADMU,DLSU,71,61,1
75,2012,DLSU,ADMU,67,77,2
75,2012,ADMU,FEU,74,71,1
75,2012,FEU,ADMU,64,77,2
75,2012,ADMU,NU,89,65,1
75,2012,NU,ADMU,56,70,2
75,2012,ADMU,UE,68,51,1
75,2012,UE,ADMU,79,77,2
75,2012,ADMU,UP,76,70,1
75,2012,UP,ADMU,66,73,2
75,2012,ADMU,UST,70,71,1
75,2012,UST,ADMU,66,68,2
75,2012,DLSU,FEU,46,48,1
75,2012,FEU,DLSU,56,63,2
75,2012,DLSU,NU,87,86,1
75,2012,NU,DLSU,72,62,2
75,2012,DLSU,UE,67,59,1
75,2012,UE,DLSU,52,73,2
75,2012,DLSU,UP,73,68,1
75,2012,UP,DLSU,69,76,2
75,2012,DLSU,UST,82,84,1
75,2012,UST,DLSU,51,53,2
75,2012,FEU,NU,57,61,1
75,2012,NU,FEU,84,81,2
75,2012,FEU,UE,92,66,1
75,2012,UE,FEU,78,83,2
75,2012,FEU,UP,73,70,1
75,2012,UP,FEU,63,67,2
75,2012,FEU,UST,73,72,1
75,2012,UST,FEU,60,87,2
75,2012,NU,UE,90,55,1
75,2012,UE,NU,74,83,2
75,2012,NU,UP,67,50,1
75,2012,UP,NU,60,65,2
75,2012,NU,UST,71,77,1
75,2012,UST,NU,58,57,2
75,2012,UE,UP,48,63,1
75,2012,UP,UE,76,79,2
75,2012,UE,UST,69,85,1
75,2012,UST,UE,87,75,2
75,2012,UP,UST,58,68,1
75,2012,UST,UP,75,68,2
76,2013,AdU,ADMU,59,71,1
76,2013,ADMU,AdU,79,66,2
76,2013,AdU,DLSU,67,70,1
76,2013,DLSU,AdU,70,69,2
76,2013,AdU,FEU,71,74,1
76,2013,FEU,AdU,92,80,2
76,2013,AdU,NU,68,66,1
76,2013,NU,AdU,80,48,2
76,2013,AdU,UE,78,71,1
76,2013,UE,AdU,77,60,2
76,2013,AdU,UP,79,67,1
76,2013,UP,AdU,53,67,2
76,2013,AdU,UST,62,67,1
76,2013,UST,AdU,80,67,2
76,2013,ADMU,DLSU,73,82,1
76,2013,DLSU,ADMU,66,64,2
76,2013,ADMU,FEU,75,79,1
76,2013,FEU,ADMU,73,92,2
76,2013,ADMU,NU,54,64,1
76,2013,NU,ADMU,70,65,2
76,2013,ADMU,UE,68,72,1
76,2013,UE,ADMU,72,77,2
76,2013,ADMU,UP,72,64,1
76,2013,UP,ADMU,59,67,2
76,2013,ADMU,UST,61,57,1
76,2013,UST,ADMU,82,74,2
76,2013,DLSU,FEU,79,83,1
76,2013,FEU,DLSU,66,75,2
76,2013,DLSU,NU,56,63,1
76,2013,NU,DLSU,55,57,2
76,2013,DLSU,UE,83,85,1
76,2013,UE,DLSU,65,75,2
76,2013,DLSU,UP,96,84,1
76,2013,UP,DLSU,63,85,2
76,2013,DLSU,UST,58,63,1
76,2013,UST,DLSU,64,69,2
76,2013,FEU,NU,87,83,1
76,2013,NU,FEU,59,58,2
76,2013,FEU,UE,89,78,1
76,2013,UE,FEU,94,98,2
76,2013,FEU,UP,75,57,1
76,2013,UP,FEU,69,87,2
76,2013,FEU,UST,77,67,1
76,2013,UST,FEU,79,78,2
76,2013,NU,UE,67,71,1
76,2013,UE,NU,73,81,2
76,2013,NU,UP,74,60,1
76,2013,UP,NU,62,79,2
76,2013,NU,UST,71,67,1
76,2013,UST,NU,61,75,2
76,2013,UE,UP,62,57,1
76,2013,UP,UE,73,76,2
76,2013,UE,UST,77,88,1
76,2013,UST,UE,67,68,2
76,2013,UP,UST,69,79,1
76,2013,UST,UP,63,39,2
77,2014,AdU,ADMU,57,79,1
77,2014,ADMU,AdU,67,52,2
77,2014,AdU,DLSU,48,67,1
77,2014,DLSU,AdU,66,57,2
77,2014,AdU,FEU,62,71,1
77,2014,FEU,AdU,90,73,2
77,2014,AdU,NU,25,62,1
77,2014,NU,AdU,71,50,2
77,2014,AdU,UE,72,99,1
77,2014,UE,AdU,72,59,2
77,2014,AdU,UP,64,77,1
77,2014,UP,AdU,63,67,2
77,2014,AdU,UST,49,50,1
77,2014,UST,AdU,61,59,2
77,2014,ADMU,DLSU,97,86,1
77,2014,DLSU,ADMU,88,86,2
77,2014,ADMU,FEU,81,78,1
77,2014,FEU,ADMU,64,68,2
77,2014,ADMU,NU,60,64,1
77,2014,NU,ADMU,76,66,2
77,2014,ADMU,UE,93,91,1
77,2014,UE,ADMU,73,78,2
77,2014,ADMU,UP,86,75,1
77,2014,UP,ADMU,69,70,2
77,2014,ADMU,UST,63,61,1
77,2014,UST,ADMU,58,69,2
77,2014,DLSU,FEU,77,82,1
77,2014,FEU,DLSU,74,70,2
77,2014,DLSU,NU,57,55,1
77,2014,NU,DLSU,56,68,2
77,2014,DLSU,UE,60,58,1
77,2014,UE,DLSU,68,66,2
77,2014,DLSU,UP,74,53,1
77,2014,UP,DLSU,65,86,2
77,2014,DLSU,UST,83,70,1
77,2014,UST,DLSU,60,67,2
77,2014,FEU,NU,71,62,1
77,2014,NU,FEU,70,74,2
77,2014,FEU,UE,73,63,1
77,2014,UE,FEU,94,71,2
77,2014,FEU,UP,85,71,1
77,2014,UP,FEU,69,75,2
77,2014,FEU,UST,67,69,1
77,2014,UST,FEU,55,66,2
77,2014,NU,UE,57,55,1
77,2014,UE,NU,64,55,2
77,2014,NU,UP,70,59,1
77,2014,UP,NU,51,66,2
77,2014,NU,UST,59,40,1
77,2014,UST,NU,64,75,2
77,2014,UE,UP,87,59,1
77,2014,UP,UE,48,68,2
77,2014,UE,UST,72,62,1
77,2014,UST,UE,73,78,2
77,2014,UP,UST,57,73,1
77,2014,UST,UP,77,65,2
78,2015,AdU,ADMU,60,84,1
78,2015,ADMU,AdU,87,72,2
78,2015,AdU,DLSU,71,88,1
78,2015,DLSU,AdU,74,75,2
78,2015,AdU,FEU,60,64,1
78,2015,FEU,AdU,82,69,2
78,2015,AdU,NU,54,75,1
78,2015,NU,AdU,85,79,2
78,2015,AdU,UE,78,89,1
78,2015,UE,AdU,71,74,2
78,2015,AdU,UP,73,68,1
78,2015,UP,AdU,89,84,2
78,2015,AdU,UST,64,70,1
78,2015,UST,AdU,78,63,2
78,2015,ADMU,DLSU,76,80,1
78,2015,DLSU,ADMU,62,73,2
78,2015,ADMU,FEU,64,88,1
78,2015,FEU,ADMU,66,61,2
78,2015,ADMU,NU,74,70,1
78,2015,NU,ADMU,59,68,2
78,2015,ADMU,UE,77,72,1
78,2015,UE,ADMU,74,69,2
78,2015,ADMU,UP,56,43,1
78,2015,UP,ADMU,65,74,2
78,2015,ADMU,UST,58,68,1
78,2015,UST,ADMU,74,80,2
78,2015,DLSU,FEU,75,93,1
78,2015,FEU,DLSU,71,68,2
78,2015,DLSU,NU,67,63,1
78,2015,NU,DLSU,81,73,2
78,2015,DLSU,UE,71,64,1
78,2015,UE,DLSU,64,72,2
78,2015,DLSU,UP,66,71,1
78,2015,UP,DLSU,68,72,2
78,2015,DLSU,UST,61,77,1
78,2015,UST,DLSU,81,79,2
78,2015,FEU,NU,61,59,1
78,2015,NU,FEU,70,68,2
78,2015,FEU,UE,92,81,1
78,2015,UE,FEU,67,71,2
78,2015,FEU,UP,75,58,1
78,2015,UP,FEU,57,68,2
78,2015,FEU,UST,71,72,1
78,2015,UST,FEU,85,76,2
78,2015,NU,UE,71,76,1
78,2015,UE,NU,52,47,2
78,2015,NU,UP,68,52,1
78,2015,UP,NU,69,75,2
78,2015,NU,UST,55,54,1
78,2015,UST,NU,65,57,2
78,2015,UE,UP,55,62,1
78,2015,UP,UE,67,79,2
78,2015,UE,UST,76,83,1
78,2015,UST,UE,77,91,2
78,2015,UP,UST,59,67,1
78,2015,UST,UP,83,76,2
79,2016,AdU,ADMU,62,61,1
79,2016,ADMU,AdU,73,67,2
79,2016,AdU,DLSU,75,91,1
79,2016,DLSU,AdU,86,79,2
79,2016,AdU,FEU,65,75,1
79,2016,FEU,AdU,59,61,2
79,2016,AdU,NU,64,51,1
79,2016,NU,AdU,53,77,2
79,2016,AdU,UE,57,64,1
79,2016,UE,AdU,71,79,2
79,2016,AdU,UP,104,85,1
79,2016,UP,AdU,70,66,2
79,2016,AdU,UST,79,52,1
79,2016,UST,AdU,61,76,2
79,2016,ADMU,DLSU,81,97,1
79,2016,DLSU,ADMU,71,83,2
79,2016,ADMU,FEU,76,71,1
79,2016,FEU,ADMU,59,74,2
79,2016,ADMU,NU,60,70,1
79,2016,NU,ADMU,50,65,2
79,2016,ADMU,UE,84,69,1
79,2016,UE,ADMU,61,75,2
79,2016,ADMU,UP,79,64,1
79,2016,UP,ADMU,56,52,2
79,2016,ADMU,UST,73,69,1
79,2016,UST,ADMU,64,74,2
79,2016,DLSU,FEU,83,78,1
79,2016,FEU,DLSU,67,73,2
79,2016,DLSU,NU,75,66,1
79,2016,NU,DLSU,88,113,2
79,2016,DLSU,UE,84,78,1
79,2016,UE,DLSU,66,95,2
79,2016,DLSU,UP,89,71,1
79,2016,UP,DLSU,72,78,2
79,2016,DLSU,UST,100,62,1
79,2016,UST,DLSU,56,99,2
79,2016,FEU,NU,78,75,1
79,2016,NU,FEU,56,57,2
79,2016,FEU,UE,67,59,1
79,2016,UE,FEU,61,64,2
79,2016,FEU,UP,51,49,1
79,2016,UP,FEU,60,63,2
79,2016,FEU,UST,79,72,1
79,2016,UST,FEU,48,59,2
79,2016,NU,UE,72,66,1
79,2016,UE,NU,52,64,2
79,2016,NU,UP,80,69,1
79,2016,UP,NU,71,66,2
79,2016,NU,UST,75,68,1
79,2016,UST,NU,73,69,2
79,2016,UE,UP,71,75,1
79,2016,UP,UE,67,80,2
79,2016,UE,UST,87,88,1
79,2016,UST,UE,61,71,2
79,2016,UP,UST,77,83,1
79,2016,UST,UP,69,75,2
80,2017,AdU,ADMU,65,85,1
80,2017,ADMU,AdU,71,59,2
80,2017,AdU,DLSU,73,85,1
80,2017,DLSU,AdU,80,74,2
80,2017,AdU,FEU,95,79,1
80,2017,FEU,AdU,71,54,2
80,2017,AdU,NU,83,76,1
80,2017,NU,AdU,77,90,2
80,2017,AdU,UE,79,60,1
80,2017,UE,AdU,57,66,2
80,2017,AdU,UP,73,71,1
80,2017,UP,AdU,70,86,2
80,2017,AdU,UST,88,81,1
80,2017,UST,AdU,70,75,2
80,2017,ADMU,DLSU,76,75,1
80,2017,DLSU,ADMU,79,76,2
80,2017,ADMU,FEU,94,82,1
80,2017,FEU,ADMU,59,70,2
80,2017,ADMU,NU,96,83,1
80,2017,NU,ADMU,72,85,2
80,2017,ADMU,UE,83,65,1
80,2017,UE,ADMU,73,97,2
80,2017,ADMU,UP,92,71,1
80,2017,UP,ADMU,82,96,2
80,2017,ADMU,UST,94,84,1
80,2017,UST,ADMU,83,102,2
80,2017,DLSU,FEU,95,90,1
80,2017,FEU,DLSU,73,75,2
80,2017,DLSU,NU,115,109,1
80,2017,NU,DLSU,76,101,2
80,2017,DLSU,UE,106,100,1
80,2017,UE,DLSU,78,99,2
80,2017,DLSU,UP,87,98,1
80,2017,UP,DLSU,62,85,2
80,2017,DLSU,UST,115,86,1
80,2017,UST,DLSU,59,94,2
80,2017,FEU,NU,90,83,1
80,2017,NU,FEU,87,84,2
80,2017,FEU,UE,90,83,1
80,2017,UE,FEU,63,79,2
80,2017,FEU,UP,78,59,1
80,2017,UP,FEU,59,56,2
80,2017,FEU,UST,78,65,1
80,2017,UST,FEU,70,96,2
80,2017,NU,UE,86,69,1
80,2017,UE,NU,90,77,2
80,2017,NU,UP,77,70,1
80,2017,UP,NU,106,81,2
80,2017,NU,UST,94,84,1
80,2017,UST,NU,83,91,2
80,2017,UE,UP,71,84,1
80,2017,UP,UE,64,73,2
80,2017,UE,UST,96,91,1
80,2017,UST,UE,88,85,2
80,2017,UP,UST,74,73,1
80,2017,UST,UP,69,71,2
81,2018,AdU,ADMU,74,70,1
81,2018,ADMU,AdU,62,48,2
81,2018,AdU,DLSU,78,79,1
81,2018,DLSU,AdU,50,57,2
81,2018,AdU,FEU,85,88,1
81,2018,FEU,AdU,82,56,2
81,2018,AdU,NU,63,58,1
81,2018,NU,AdU,58,69,2
81,2018,AdU,UE,90,76,1
81,2018,UE,AdU,72,85,2
81,2018,AdU,UP,69,68,1
81,2018,UP,AdU,72,80,2
81,2018,AdU,UST,79,71,1
81,2018,UST,AdU,83,96,2
81,2018,ADMU,DLSU,71,55,1
81,2018,DLSU,ADMU,62,71,2
81,2018,ADMU,FEU,60,63,1
81,2018,FEU,ADMU,62,82,2
81,2018,ADMU,NU,72,46,1
81,2018,NU,ADMU,64,79,2
81,2018,ADMU,UE,89,62,1
81,2018,UE,ADMU,70,90,2
81,2018,ADMU,UP,87,79,1
81,2018,UP,ADMU,66,83,2
81,2018,ADMU,UST,85,53,1
81,2018,UST,ADMU,62,102,2
81,2018,DLSU,FEU,61,68,1
81,2018,FEU,DLSU,57,65,2
81,2018,DLSU,NU,80,76,1
81,2018,NU,DLSU,77,84,2
81,2018,DLSU,UE,82,72,1
81,2018,UE,DLSU,59,79,2
81,2018,DLSU,UP,61,67,1
81,2018,UP,DLSU,97,81,2
81,2018,DLSU,UST,99,72,1
81,2018,UST,DLSU,69,110,2
81,2018,FEU,NU,73,68,1
81,2018,NU,FEU,74,79,2
81,2018,FEU,UE,65,90,1
81,2018,UE,FEU,61,80,2
81,2018,FEU,UP,89,73,1
81,2018,UP,FEU,95,82,2
81,2018,FEU,UST,74,76,1
81,2018,UST,FEU,78,70,2
81,2018,NU,UE,88,61,1
81,2018,UE,NU,71,79,2
81,2018,NU,UP,88,89,1
81,2018,UP,NU,82,71,2
81,2018,NU,UST,75,70,1
81,2018,UST,NU,61,69,2
81,2018,UE,UP,58,87,1
81,2018,UP,UE,94,81,2
81,2018,UE,UST,66,80,1
81,2018,UST,UE,79,68,2
81,2018,UP,UST,72,86,1
81,2018,UST,UP,69,83,2
82,2019,AdU,ADMU,52,70,1
82,2019,ADMU,AdU,80,74,2
82,2019,AdU,DLSU,61,68,1
82,2019,DLSU,AdU,89,63,2
82,2019,AdU,FEU,71,83,1
82,2019,FEU,AdU,63,60,2
82,2019,AdU,NU,84,83,1
82,2019,NU,AdU,53,72,2
82,2019,AdU,UE,91,80,1
82,2019,UE,AdU,80,74,2
82,2019,AdU,UP,82,83,1
82,2019,UP,AdU,81,77,2
82,2019,AdU,UST,78,71,1
82,2019,UST,AdU,80,74,2
82,2019,ADMU,DLSU,81,69,1
82,2019,DLSU,ADMU,69,77,2
82,2019,ADMU,FEU,63,46,1
82,2019,FEU,ADMU,55,65,2
82,2019,ADMU,NU,71,50,1
82,2019,NU,ADMU,51,88,2
82,2019,ADMU,UE,85,68,1
82,2019,UE,ADMU,50,84,2
82,2019,ADMU,UP,89,63,1
82,2019,UP,ADMU,64,86,2
82,2019,ADMU,UST,71,70,1
82,2019,UST,ADMU,52,66,2
82,2019,DLSU,FEU,55,66,1
82,2019,FEU,DLSU,81,60,2
82,2019,DLSU,NU,83,82,1
82,2019,NU,DLSU,61,85,2
82,2019,DLSU,UE,88,89,1
82,2019,UE,DLSU,59,65,2
82,2019,DLSU,UP,71,72,1
82,2019,UP,DLSU,71,68,2
82,2019,DLSU,UST,92,77,1
82,2019,UST,DLSU,79,80,2
82,2019,FEU,NU,39,61,1
82,2019,NU,FEU,85,79,2
82,2019,FEU,UE,81,65,1
82,2019,UE,FEU,58,82,2
82,2019,FEU,UP,55,61,1
82,2019,UP,FEU,79,82,2
82,2019,FEU,UST,74,82,1
82,2019,UST,FEU,58,72,2
82,2019,NU,UE,72,78,1
82,2019,UE,NU,79,77,2
82,2019,NU,UP,79,80,1
82,2019,UP,NU,80,77,2
82,2019,NU,UST,74,87,1
82,2019,UST,NU,88,76,2
82,2019,UE,UP,56,62,1
82,2019,UP,UE,78,75,2
82,2019,UE,UST,82,95,1
82,2019,UST,UE,101,73,2
82,2019,UP,UST,69,85,1
82,2019,UST,UP,84,78,2
84,2022,AdU,ADMU,47,78,1
84,2022,ADMU,AdU,91,57,2
84,2022,AdU,DLSU,58,61,1
84,2022,DLSU,AdU,64,51,2
84,2022,AdU,FEU,65,66,1
84,2022,FEU,AdU,63,64,2
84,2022,AdU,NU,69,71,1
84,2022,NU,AdU,55,62,2
84,2022,AdU,UE,82,66,1
84,2022,UE,AdU,53,65,2
84,2022,AdU,UP,71,73,1
84,2022,UP,AdU,58,66,2
84,2022,AdU,UST,72,79,1
84,2022,UST,AdU,69,80,2
84,2022,ADMU,DLSU,74,57,1
84,2022,DLSU,ADMU,68,75,2
84,2022,ADMU,FEU,79,70,1
84,2022,FEU,ADMU,53,70,2
84,2022,ADMU,NU,74,64,1
84,2022,NU,ADMU,75,89,2
84,2022,ADMU,UE,94,72,1
84,2022,UE,ADMU,63,76,2
84,2022,ADMU,UP,90,81,1
84,2022,UP,ADMU,84,83,2
84,2022,ADMU,UST,91,80,1
84,2022,UST,ADMU,51,101,2
84,2022,DLSU,FEU,75,65,1
84,2022,FEU,DLSU,67,62,2
84,2022,DLSU,NU,59,55,1
84,2022,NU,DLSU,65,76,2
84,2022,DLSU,UE,71,66,1
84,2022,UE,DLSU,82,85,2
84,2022,DLSU,UP,59,61,1
84,2022,UP,DLSU,72,69,2
84,2022,DLSU,UST,75,66,1
84,2022,UST,DLSU,83,112,2
84,2022,FEU,NU,68,73,1
84,2022,NU,FEU,57,59,2
84,2022,FEU,UE,88,74,1
84,2022,UE,FEU,61,91,2
84,2022,FEU,UP,76,83,1
84,2022,UP,FEU,73,70,2
84,2022,FEU,UST,76,51,1
84,2022,UST,FEU,65,109,2
84,2022,NU,UE,77,61,1
84,2022,UE,NU,81,100,2
84,2022,NU,UP,70,80,1
84,2022,UP,NU,84,76,2
84,2022,NU,UST,81,52,1
84,2022,UST,NU,60,73,2
84,2022,UE,UP,66,81,1
84,2022,UP,UE,81,68,2
84,2022,UE,UST,62,74,1
84,2022,UST,UE,72,61,2
84,2022,UP,UST,98,82,1
84,2022,UST,UP,67,96,2
85,2022,AdU,ADMU,55,76,1
85,2022,ADMU,AdU,66,61,2
85,2022,AdU,DLSU,86,84,1
85,2022,DLSU,AdU,81,78,2
85,2022,AdU,FEU,76,65,1
85,2022,FEU,AdU,70,75,2
85,2022,AdU,NU,54,58,1
85,2022,NU,AdU,63,64,2
85,2022,AdU,UE,74,61,1
85,2022,UE,AdU,64,74,2
85,2022,AdU,UP,78,87,1
85,2022,UP,AdU,91,70,2
85,2022,AdU,UST,60,69,1
85,2022,UST,AdU,55,56,2
85,2022,ADMU,DLSU,78,83,1
85,2022,DLSU,ADMU,54,68,2
85,2022,ADMU,FEU,79,70,1
85,2022,FEU,ADMU,65,71,2
85,2022,ADMU,NU,77,60,1
85,2022,NU,ADMU,78,74,2
85,2022,ADMU,UE,91,76,1
85,2022,UE,ADMU,66,69,2
85,2022,ADMU,UP,71,76,1
85,2022,UP,ADMU,67,75,2
85,2022,ADMU,UST,79,52,1
85,2022,UST,ADMU,55,72,2
85,2022,DLSU,FEU,87,70,1
85,2022,FEU,DLSU,57,53,2
85,2022,DLSU,NU,76,80,1
85,2022,NU,DLSU,58,63,2
85,2022,DLSU,UE,74,81,1
85,2022,UE,DLSU,80,72,2
85,2022,DLSU,UP,69,72,1
85,2022,UP,DLSU,80,82,2
85,2022,DLSU,UST,83,63,1
85,2022,UST,DLSU,72,77,2
85,2022,FEU,NU,47,44,1
85,2022,NU,FEU,71,60,2
85,2022,FEU,UE,66,76,1
85,2022,UE,FEU,68,75,2
85,2022,FEU,UP,67,73,1
85,2022,UP,FEU,73,59,2
85,2022,FEU,UST,75,60,1
85,2022,UST,FEU,62,77,2
85,2022,NU,UE,77,70,1
85,2022,UE,NU,61,70,2
85,2022,NU,UP,80,75,1
85,2022,UP,NU,75,63,2
85,2022,NU,UST,69,63,1
85,2022,UST,NU,57,67,2
85,2022,UE,UP,77,84,1
85,2022,UP,UE,83,69,2
85,2022,UE,UST,78,68,1
85,2022,UST,UE,51,81,2
85,2022,UP,UST,76,51,1
85,2022,UST,UP,60,78,2
86,2023,AdU,ADMU,74,71,1
86,2023,ADMU,AdU,62,58,2
86,2023,AdU,DLSU,58,71,1
86,2023,DLSU,AdU,69,57,2
86,2023,AdU,FEU,46,49,1
86,2023,FEU,AdU,54,63,2
86,2023,AdU,NU,66,69,1
86,2023,NU,AdU,62,68,2
86,2023,AdU,UE,72,65,1
86,2023,UE,AdU,61,63,2
86,2023,AdU,UP,51,68,1
86,2023,UP,AdU,77,51,2
86,2023,AdU,UST,79,76,1
86,2023,UST,AdU,53,61,2
86,2023,ADMU,DLSU,77,72,1
86,2023,DLSU,ADMU,72,69,2
86,2023,ADMU,FEU,61,66,1
86,2023,FEU,ADMU,62,59,2
86,2023,ADMU,NU,64,77,1
86,2023,NU,ADMU,65,61,2
86,2023,ADMU,UE,76,69,1
86,2023,UE,ADMU,74,80,2
86,2023,ADMU,UP,99,89,1
86,2023,UP,ADMU,65,60,2
86,2023,ADMU,UST,97,77,1
86,2023,UST,ADMU,59,67,2
86,2023,DLSU,FEU,87,76,1
86,2023,FEU,DLSU,70,80,2
86,2023,DLSU,NU,77,80,1
86,2023,NU,DLSU,78,88,2
86,2023,DLSU,UE,83,75,1
86,2023,UE,DLSU,76,86,2
86,2023,DLSU,UP,64,67,1
86,2023,UP,DLSU,79,88,2
86,2023,DLSU,UST,91,71,1
86,2023,UST,DLSU,69,100,2
86,2023,FEU,NU,65,71,1
86,2023,NU,FEU,68,57,2
86,2023,FEU,UE,58,65,1
86,2023,UE,FEU,87,86,2
86,2023,FEU,UP,76,80,1
86,2023,UP,FEU,81,64,2
86,2023,FEU,UST,62,68,1
86,2023,UST,FEU,57,53,2
86,2023,NU,UE,68,49,1
86,2023,UE,NU,61,64,2
86,2023,NU,UP,60,78,1
86,2023,UP,NU,79,57,2
86,2023,NU,UST,87,69,1
86,2023,UST,NU,65,76,2
86,2023,UE,UP,69,84,1
86,2023,UP,UE,79,72,2
86,2023,UE,UST,80,70,1
86,2023,UST,UE,73,86,2
86,2023,UP,UST,110,79,1
86,2023,UST,UP,61,86,2
87,2024,AdU,ADMU,51,60,1
87,2024,ADMU,AdU,55,69,2
87,2024,AdU,DLSU,52,82,1
87,2024,DLSU,AdU,70,45,2
87,2024,AdU,FEU,59,47,1
87,2024,FEU,AdU,76,72,2
87,2024,AdU,NU,60,58,1
87,2024,NU,AdU,41,53,2
87,2024,AdU,UE,62,63,1
87,2024,UE,AdU,37,45,2
87,2024,AdU,UP,57,69,1
87,2024,UP,AdU,70,59,2
87,2024,AdU,UST,69,56,1
87,2024,UST,AdU,75,49,2
87,2024,ADMU,DLSU,61,74,1
87,2024,DLSU,ADMU,80,65,2
87,2024,ADMU,FEU,65,66,1
87,2024,FEU,ADMU,65,54,2
87,2024,ADMU,NU,68,78,1
87,2024,NU,ADMU,68,70,2
87,2024,ADMU,UE,62,69,1
87,2024,UE,ADMU,67,71,2
87,2024,ADMU,UP,61,77,1
87,2024,UP,ADMU,75,47,2
87,2024,ADMU,UST,64,74,1
87,2024,UST,ADMU,64,67,2
87,2024,DLSU,FEU,68,62,1
87,2024,FEU,DLSU,53,58,2
87,2024,DLSU,NU,78,75,1
87,2024,NU,DLSU,63,54,2
87,2024,DLSU,UE,71,75,1
87,2024,UE,DLSU,68,77,2
87,2024,DLSU,UP,68,56,1
87,2024,UP,DLSU,66,77,2
87,2024,DLSU,UST,88,67,1
87,2024,UST,DLSU,87,94,2
87,2024,FEU,NU,60,62,1
87,2024,NU,FEU,58,65,2
87,2024,FEU,UE,51,56,1
87,2024,UE,FEU,51,59,2
87,2024,FEU,UP,58,69,1
87,2024,UP,FEU,86,78,2
87,2024,FEU,UST,72,83,1
87,2024,UST,FEU,79,70,2
87,2024,NU,UE,51,57,1
87,2024,UE,NU,74,58,2
87,2024,NU,UP,62,89,1
87,2024,UP,NU,47,67,2
87,2024,NU,UST,64,67,1
87,2024,UST,NU,62,67,2
87,2024,UE,UP,71,81,1
87,2024,UP,UE,77,67,2
87,2024,UE,UST,55,70,1
87,2024,UST,UE,76,67,2
87,2024,UP,UST,81,70,1
87,2024,UST,UP,73,83,2
88,2025,AdU,ADMU,58,77,1
88,2025,ADMU,AdU,72,61,2
88,2025,AdU,DLSU,58,60,1
88,2025,DLSU,AdU,60,61,2
88,2025,AdU,FEU,58,64,1
88,2025,FEU,AdU,73,70,2
88,2025,AdU,NU,54,56,1
88,2025,NU,AdU,66,65,2
88,2025,AdU,UE,77,62,1
88,2025,UE,AdU,53,56,2
88,2025,AdU,UP,62,59,1
88,2025,UP,AdU,70,65,2
88,2025,AdU,UST,69,59,1
88,2025,UST,AdU,96,97,2
88,2025,ADMU,DLSU,81,74,1
88,2025,DLSU,ADMU,78,72,2
88,2025,ADMU,FEU,86,83,1
88,2025,FEU,ADMU,75,68,2
88,2025,ADMU,NU,66,71,1
88,2025,NU,ADMU,66,50,2
88,2025,ADMU,UE,62,60,1
88,2025,UE,ADMU,74,78,2
88,2025,ADMU,UP,69,83,1
88,2025,UP,ADMU,79,75,2
88,2025,ADMU,UST,89,98,1
88,2025,UST,ADMU,67,59,2
88,2025,DLSU,FEU,74,72,1
88,2025,FEU,DLSU,84,83,2
88,2025,DLSU,NU,78,82,1
88,2025,NU,DLSU,75,67,2
88,2025,DLSU,UE,111,110,1
88,2025,UE,DLSU,72,84,2
88,2025,DLSU,UP,72,69,1
88,2025,UP,DLSU,72,77,2
88,2025,DLSU,UST,84,93,1
88,2025,UST,DLSU,77,86,2
88,2025,FEU,NU,68,84,1
88,2025,NU,FEU,70,64,2
88,2025,FEU,UE,95,76,1
88,2025,UE,FEU,77,84,2
88,2025,FEU,UP,66,69,1
88,2025,UP,FEU,89,75,2
88,2025,FEU,UST,80,92,1
88,2025,UST,FEU,79,81,2
88,2025,NU,UE,72,57,1
88,2025,UE,NU,74,83,2
88,2025,NU,UP,59,66,1
88,2025,UP,NU,78,74,2
88,2025,NU,UST,76,69,1
88,2025,UST,NU,80,71,2
88,2025,UE,UP,75,92,1
88,2025,UP,UE,70,61,2
88,2025,UE,UST,99,111,1
88,2025,UST,UE,109,97,2
88,2025,UP,UST,67,87,1
88,2025,UST,UP,88,89,2
